id,uid,user_name,gender,email
55829a23-649b-4c07-8fac-48687f0dbbf1,auth0|140171,Anjali Mehta,Female,anjalimehta74@example.com
e9a7d752-9b25-4616-92b3-edb905512202,auth0|168769,Rahul Rao,Female,rahulrao30@example.com
6746fcd9-3095-4b62-aa03-12fecb4a285f,auth0|892848,Sameer Chatterjee,Non-Binary,sameerchatterjee37@example.com
9ab76931-aeeb-4afa-bd81-01968bc461c6,auth0|941660,Aditya Choudhury,Female,adityachoudhury27@example.com
2ceca7b2-cf0d-4e98-81b8-104bab7143c9,auth0|748105,Neha Patel,Female,nehapatel31@example.com
3a5a455c-b0b4-41c9-94fe-b4efcc045e68,auth0|630093,Divya Kumar,Male,divyakumar99@example.com
7a9d5fb0-a416-4f2e-af89-c7b367d8ff11,auth0|719992,Kabir Rao,Non-Binary,kabirrao98@example.com
55eda42c-ebef-41e1-a9a4-64e2a6eb6bc4,auth0|733231,Priya Roy,Male,priyaroy69@example.com
38be73d8-5ac3-452f-9590-060525df25af,auth0|966174,Aditya Roy,Non-Binary,adityaroy29@example.com
67465aa7-e829-469c-8151-d4d82a624b55,auth0|247538,Arjun Patel,Male,arjunpatel88@example.com
3f78906d-8830-4afd-9569-6682c625741e,auth0|297639,Neha Reddy,Male,nehareddy86@example.com
8c1c7130-727a-4ee2-99f4-710a13ac717a,auth0|883781,Srinivas Naidu,Female,srinivasnaidu35@example.com
604cc5c8-b374-4801-ad23-e6a8e117d809,auth0|383079,Sameer Reddy,Non-Binary,sameerreddy67@example.com
a35c2cf1-67e9-494e-bbb2-3606ec946d9e,auth0|693874,Karan Choudhury,Male,karanchoudhury26@example.com
16680d46-fc8a-4691-8b00-b09bc2004a19,auth0|920948,Aisha Sen,Non-Binary,aishasen21@example.com
0ce42ca3-c85d-4327-b49d-0e8adb74d2c9,auth0|324519,Aditya Rao,Non-Binary,adityarao83@example.com
1c92f5ed-55b7-4c90-8efa-2741a382d3e3,auth0|903317,Pooja Roy,Non-Binary,poojaroy58@example.com
cfb82812-3cd3-47ac-aba4-f0ec54e7a3a0,auth0|300330,Sameer Das,Male,sameerdas86@example.com
1876e0cb-1cae-42b9-9e47-a01e7d06bab2,auth0|963381,Divya Rao,Male,divyarao55@example.com
891bc6b6-cdb7-4d63-b086-81a126bb775a,auth0|488332,Rohan Patel,Female,rohanpatel54@example.com
4fdb4c3e-d350-446e-b914-016b5168675d,auth0|420289,Aisha Sen,Female,aishasen77@example.com
8a52dde1-0eb7-4cdf-a260-8946b5996f11,auth0|742780,Vijay Chatterjee,Female,vijaychatterjee55@example.com
95999ef1-3dee-413a-91d9-58f1c8b7d3dc,auth0|765487,Vijay Roy,Female,vijayroy89@example.com
b77e12ac-c966-4c38-8d0c-b7afef27f6db,auth0|720833,Rohan Mehta,Male,rohanmehta72@example.com
0f42e55c-e2f1-4ef6-959b-0e39485b881f,auth0|664205,Tharun Kumar,Non-Binary,tharunkumar57@example.com
b67bd8b7-c2ef-46f2-b752-0407b8ed5341,auth0|362876,Rahul Kumar,Male,rahulkumar51@example.com
39b3f684-9677-4ff0-bc81-276b045ab4aa,auth0|292054,Aditya Sharma,Female,adityasharma79@example.com
a346bb1e-a7ff-4018-9c61-0eca86df0f61,auth0|286393,Rohan Nair,Male,rohannair32@example.com
935e89a9-8b0c-4881-bacd-5eba3c421d14,auth0|953396,Srinivas Roy,Female,srinivasroy74@example.com
373c3697-78cf-4304-af76-ea5a452dad05,auth0|448799,Meera Chatterjee,Female,meerachatterjee80@example.com
c53a6b3a-df85-4ade-9c4e-78a656ae0d51,auth0|689403,Priya Patel,Female,priyapatel83@example.com
6108e19c-0b10-42b2-bc4a-a75f74a31b89,auth0|739521,Divya Choudhury,Non-Binary,divyachoudhury72@example.com
3b8c4752-b3a3-420b-9c74-36921cf61c76,auth0|213582,Kabir Nair,Male,kabirnair81@example.com
e004d3d6-e3c4-48b9-998b-7b53a075e6c4,auth0|351837,Neha Iyer,Female,nehaiyer86@example.com
09cdf1f0-7630-488c-bfb3-caca63923097,auth0|648957,Aisha Nair,Non-Binary,aishanair54@example.com
8592972f-fa8c-430f-b937-da5d53ec0f79,auth0|276603,Sameer Rao,Female,sameerrao64@example.com
bb309fa2-47fc-4d74-b2e2-6b6c986fbd34,auth0|940040,Srinivas Sen,Male,srinivassen93@example.com
a9df166f-15a5-405e-8af7-472cba5d2aea,auth0|205372,Aditya Chatterjee,Female,adityachatterjee89@example.com
f4069231-0d41-4175-853e-0ef898226d97,auth0|829266,Pooja Iyer,Female,poojaiyer18@example.com
1f2504b1-a8c2-487d-b463-eb1d7a077e48,auth0|359029,Tharun Patel,Male,tharunpatel81@example.com
6bd5d031-e68b-47c0-8300-c43f0c2f35f7,auth0|269436,Arjun Gupta,Female,arjungupta60@example.com
12322423-8605-4a4d-a56e-320798952caf,auth0|703870,Neha Iyer,Female,nehaiyer80@example.com
1fd32b5a-5090-4bc2-ab21-ed5b400a4c80,auth0|638897,Sameer Naidu,Female,sameernaidu13@example.com
a95af4fd-cedb-4891-82b8-7a98a84d797d,auth0|421404,Rohan Rao,Non-Binary,rohanrao28@example.com
9b11cdc8-911e-4fe1-861b-87ff4d9c2093,auth0|481456,Karan Iyer,Female,karaniyer45@example.com
046b4c7f-6adc-4235-9e21-95ca0d5c3b3b,auth0|561829,Arjun Rao,Male,arjunrao74@example.com
06976bce-6513-48e4-9af3-08e5c05693cd,auth0|180786,Vijay Rao,Non-Binary,vijayrao68@example.com
9fd6178d-2e32-495f-b3aa-e2cb46aef3f6,auth0|679451,Sameer Rao,Male,sameerrao11@example.com
c1323a63-30c3-41c2-a010-6259c8ad8714,auth0|910608,Anjali Singh,Male,anjalisingh10@example.com
061b5104-ae8b-4699-b5cf-5e040ea1b762,auth0|990363,Tharun Bose,Non-Binary,tharunbose32@example.com
252c4b16-8466-4b90-8f96-8f90afd0291f,auth0|182118,Aditya Chatterjee,Female,adityachatterjee35@example.com
c7aaa5f5-beb5-4c7d-b2de-2b8217c691ce,auth0|293806,Anjali Sen,Non-Binary,anjalisen86@example.com
9f7f4ca0-5afb-45d7-be70-b6d8d99b98ac,auth0|816399,Srinivas Nair,Female,srinivasnair20@example.com
1efe8a03-0ff0-4d5c-aed3-1bdf1a07b889,auth0|473987,Meera Rao,Non-Binary,meerarao54@example.com
91f76402-014a-41d8-baee-d588af33b23a,auth0|995405,Divya Sen,Female,divyasen38@example.com
25e54e8f-c21a-44aa-ba25-ba90dd594590,auth0|904863,Rohan Reddy,Non-Binary,rohanreddy24@example.com
fe3011a0-c931-4512-aa21-3b4013c88951,auth0|545859,Sneha Gupta,Non-Binary,snehagupta44@example.com
618b0ae7-0fff-48fb-9370-a843df38b9c6,auth0|612637,Pooja Chatterjee,Male,poojachatterjee59@example.com
e9c9dfc1-58fd-4435-9a97-497d3d3caa5f,auth0|768686,Sandeep Bose,Male,sandeepbose46@example.com
a1b14426-054b-47a9-bd5c-a247a9851925,auth0|686146,Aditya Mehta,Female,adityamehta36@example.com
8e8dc62e-dec8-4a50-99cf-d96a02710343,auth0|619275,Aisha Reddy,Non-Binary,aishareddy64@example.com
bac6d5f1-3c7d-4a24-b9f7-a361d17def20,auth0|188532,Aditya Das,Non-Binary,adityadas57@example.com
8061b56b-6e3e-4011-8e9e-620e4c777195,auth0|663535,Arjun Roy,Female,arjunroy74@example.com
22a990f3-a58e-4b79-a832-f797a1f2489f,auth0|506635,Arjun Bose,Non-Binary,arjunbose23@example.com
b9cebfec-6756-4c31-af63-82cd7e08ca88,auth0|709452,Arjun Kumar,Male,arjunkumar31@example.com
a0db7571-96b4-4ff2-b998-b9c59ead4ab3,auth0|184012,Anjali Sharma,Male,anjalisharma52@example.com
159d8478-e1f1-4659-ba24-bd998b027043,auth0|435405,Arjun Chatterjee,Male,arjunchatterjee98@example.com
0ba9c7e6-646f-4e51-9795-c70b43c86616,auth0|490071,Rahul Bose,Non-Binary,rahulbose94@example.com
29fbed8f-08f1-49ed-9c9b-c54f0cb3c5d9,auth0|688076,Pooja Mehta,Non-Binary,poojamehta26@example.com
2df3ce2d-78f3-4a90-9b8d-6dce8544d1d7,auth0|379696,Divya Joshi,Male,divyajoshi33@example.com
c0b892c4-23b3-48b0-9ba6-f75ae7b4a0e7,auth0|231017,Karan Sen,Male,karansen92@example.com
4a4baa32-aa55-4f0d-bf4f-934d1a940bd8,auth0|427917,Divya Roy,Male,divyaroy96@example.com
9848c57c-299a-430a-93dc-edd323126dea,auth0|556244,Tharun Reddy,Male,tharunreddy38@example.com
aaa619f9-5675-4b14-ae03-75671ce9a384,auth0|661894,Vijay Reddy,Female,vijayreddy73@example.com
c5ea1056-8a9a-4d50-9d46-1a131618473d,auth0|677327,Meera Iyer,Non-Binary,meeraiyer82@example.com
33b36497-ccd9-4d3d-b9ba-c19047c591f2,auth0|286775,Aditya Das,Female,adityadas40@example.com
71ddcffe-0c68-42d0-b76b-35651fa50256,auth0|816722,Karan Kumar,Non-Binary,karankumar66@example.com
9b2bddc9-0778-4dcc-98eb-5dcab4d96abb,auth0|957884,Aisha Gupta,Male,aishagupta28@example.com
adbbaac1-6a35-4892-a823-899e66b8bc96,auth0|501901,Vijay Kumar,Female,vijaykumar27@example.com
e336080c-d4f0-4f23-a3d1-6b1175ef98b9,auth0|154253,Srinivas Roy,Male,srinivasroy87@example.com
11d1e4a9-16f2-402d-9438-b63d1fc7d391,auth0|756063,Aisha Gupta,Male,aishagupta99@example.com
74062849-500e-4c97-afac-e84aea86b98c,auth0|623564,Rohan Naidu,Female,rohannaidu45@example.com
57f77cd7-4335-4aa2-b094-57e9848c54d9,auth0|483239,Sandeep Rao,Male,sandeeprao78@example.com
8b332fd1-70a9-4828-a276-d88353820e1c,auth0|886031,Sneha Rao,Female,sneharao93@example.com
6250cf76-50bc-4f10-bb2c-034a6012f62f,auth0|376329,Vikram Gupta,Female,vikramgupta58@example.com
dbd85f81-b5f0-4f77-9f73-5e7f43e1d468,auth0|711469,Tharun Mehta,Male,tharunmehta14@example.com
abe83493-d9ed-42d5-bb65-8198501e74cc,auth0|653113,Kabir Das,Non-Binary,kabirdas33@example.com
cbaa9d90-0ce3-4314-8b2b-64e69f60f58d,auth0|201535,Sandeep Gupta,Male,sandeepgupta74@example.com
7635309e-bd3c-4e06-8150-e2f48e15498a,auth0|481168,Sneha Rao,Male,sneharao63@example.com
80c6ef87-c48a-4ac2-99fa-34bdf51eb8fe,auth0|600201,Karan Patel,Male,karanpatel31@example.com
93c0b579-a35e-4958-8a52-2e2ad081925a,auth0|967853,Rahul Chatterjee,Female,rahulchatterjee46@example.com
bfb03793-454f-46b2-866b-64896e1bea0f,auth0|958529,Pooja Rao,Female,poojarao93@example.com
108bde11-e9b0-489b-8f1f-ef59577cc248,auth0|652136,Karan Sen,Male,karansen20@example.com
6a26431f-f98f-4ae6-838c-df40cec2b951,auth0|933326,Karan Chatterjee,Male,karanchatterjee66@example.com
bf137881-4947-4119-b0cc-411edc096d29,auth0|113150,Arjun Rao,Non-Binary,arjunrao80@example.com
394528b4-b45e-40d0-9c52-4d700a7e8e06,auth0|553918,Rohan Verma,Male,rohanverma80@example.com
f0144711-2ab1-4784-99fa-0cd3dbac9ff1,auth0|617340,Rahul Sen,Non-Binary,rahulsen55@example.com
e4e54bd7-7b05-49df-bf0b-01176cd78ca8,auth0|466761,Karan Gupta,Non-Binary,karangupta83@example.com
7bf84eab-b233-453f-b418-2b7a6432de74,auth0|658501,Meera Naidu,Female,meeranaidu46@example.com
944f5527-3500-448e-bcb9-4f16989e299b,auth0|156940,Srinivas Mehta,Male,srinivasmehta25@example.com
73fd6163-30f2-4a05-8f58-9597cdc4d91e,auth0|222306,Divya Reddy,Male,divyareddy99@example.com
58d2eea1-64d5-48a9-9c47-cef3f0b4f8a0,auth0|975268,Karan Rao,Non-Binary,karanrao73@example.com
0f26e0fe-c897-42e0-8d01-ac2839911a11,auth0|228898,Sneha Chatterjee,Male,snehachatterjee32@example.com
ce6a162c-7f4a-4efb-a41e-d1f22735c959,auth0|160492,Rohan Sharma,Non-Binary,rohansharma92@example.com
ed727436-b688-4a39-8c53-2d02eb4a08f2,auth0|697417,Pooja Kumar,Female,poojakumar32@example.com
51423525-d9d8-4341-b977-781f155d8782,auth0|311445,Aisha Sen,Female,aishasen76@example.com
96e56345-389d-487e-8f65-04f5d0bb4e40,auth0|634752,Rohan Sharma,Non-Binary,rohansharma51@example.com
6ad7d4c4-bf09-46d3-9c9b-35c8f5217efd,auth0|398785,Vikram Rao,Female,vikramrao26@example.com
34482cd6-6e50-42a1-a75e-4af1e82ec746,auth0|742569,Karan Joshi,Female,karanjoshi14@example.com
75db64a2-36dd-441d-95c7-ea559781ca9a,auth0|134868,Srinivas Joshi,Non-Binary,srinivasjoshi72@example.com
776316ba-2c5a-43b7-aa7b-d4ef4b853666,auth0|389797,Priya Bose,Female,priyabose60@example.com
8b3d053c-d2fc-46af-9d9f-542266feebfd,auth0|240984,Sameer Iyer,Non-Binary,sameeriyer72@example.com
15e64048-bd2a-4d52-9731-03ac4cc1d095,auth0|346202,Meera Gupta,Female,meeragupta72@example.com
b02344ae-9527-4410-b958-ac7d0c74213e,auth0|380053,Sneha Chatterjee,Non-Binary,snehachatterjee91@example.com
a7ba38aa-61bf-414a-b892-000df8a7fb29,auth0|997679,Anjali Sen,Non-Binary,anjalisen44@example.com
2f4c30e5-597f-4163-8b06-170d1655dcbd,auth0|923781,Divya Das,Non-Binary,divyadas61@example.com
c24a642c-9d12-4fe2-b6a8-a9844834b933,auth0|553799,Neha Bose,Non-Binary,nehabose88@example.com
1e46438c-cf9d-441f-92cf-1f81a31eeb28,auth0|251781,Vikram Verma,Male,vikramverma59@example.com
ebd07a68-3b3e-424e-a317-06177cba0f9c,auth0|841234,Karan Kumar,Female,karankumar72@example.com
fc15ab24-434b-411b-bb54-875daa6c9a10,auth0|459499,Pooja Rao,Non-Binary,poojarao91@example.com
55900249-acc2-4c4d-b6f5-851cc5569500,auth0|915380,Tharun Joshi,Male,tharunjoshi26@example.com
17ee4966-ae1a-41c1-8d8a-ccf56cce0a2c,auth0|813476,Vikram Rao,Non-Binary,vikramrao33@example.com
665cdda5-83ec-464f-baf5-39f3ef8e5355,auth0|842645,Rohan Kumar,Male,rohankumar65@example.com
21697245-2659-4b79-a8aa-19ce33b24381,auth0|111825,Neha Sharma,Male,nehasharma78@example.com
be74d8a4-5ea1-4983-af66-c95f788b2ea7,auth0|741014,Sameer Singh,Non-Binary,sameersingh56@example.com
f693dd31-b238-427e-89f4-5809c6ab3d47,auth0|950052,Karan Naidu,Non-Binary,karannaidu90@example.com
f2752f10-85d0-4817-826c-08f2498125d8,auth0|272350,Rohan Reddy,Non-Binary,rohanreddy98@example.com
8f52121c-09af-4595-85aa-0a4cf25db959,auth0|602906,Rahul Rao,Male,rahulrao41@example.com
bb107614-003f-49d5-b623-6006dbbee4bd,auth0|879822,Divya Rao,Female,divyarao99@example.com
d6b6a05f-8187-404e-a05e-5d0f4d34475c,auth0|428878,Aisha Das,Male,aishadas52@example.com
e01f8761-773c-4edc-9dbd-5cad5453a794,auth0|100669,Anjali Reddy,Female,anjalireddy14@example.com
a617a0f6-7ebf-4ac5-8468-653c81f90b3c,auth0|964999,Kabir Singh,Male,kabirsingh95@example.com
c6f64f75-a3dc-4c92-a3e1-5f34e1faa3de,auth0|129183,Kabir Reddy,Non-Binary,kabirreddy32@example.com
1ce6d292-36f9-4ab6-bd12-c5794c8bf544,auth0|640428,Aditya Iyer,Female,adityaiyer65@example.com
c7ec4aed-e72a-47b7-b10b-944da09d4250,auth0|620394,Vijay Choudhury,Non-Binary,vijaychoudhury65@example.com
faaf3db8-3c4d-4968-ab4f-afb6b25e91eb,auth0|833582,Priya Rao,Non-Binary,priyarao37@example.com
8adb25e0-f86e-4dd5-81ba-5a8a8b0a2d1b,auth0|150775,Anjali Joshi,Male,anjalijoshi97@example.com
294f3ecd-6159-4704-9517-3b39dbd7c68c,auth0|971771,Karan Sharma,Female,karansharma53@example.com
8e58e18f-6d19-4ecd-b204-f73510a0fd6f,auth0|854099,Neha Sharma,Non-Binary,nehasharma98@example.com
db60f7cf-a21a-42bd-aaeb-5c7e4d191553,auth0|776546,Neha Patel,Female,nehapatel79@example.com
458e1cc9-ea2e-43e2-b473-00bf34c02f0b,auth0|821192,Tharun Verma,Non-Binary,tharunverma35@example.com
17d889bb-3f07-437c-af76-9f748a6f7c53,auth0|137124,Divya Sen,Non-Binary,divyasen60@example.com
64ca3405-8a42-47af-b269-18e6e05290c4,auth0|853976,Aisha Chatterjee,Non-Binary,aishachatterjee24@example.com
ef6c0142-f08f-4969-b363-1a4cf78c691b,auth0|988373,Meera Patel,Male,meerapatel45@example.com
1ea92dfa-82b8-45d7-9f34-519eaefb09bb,auth0|886686,Neha Bose,Female,nehabose66@example.com
394f805e-cbd3-4103-9f84-35c07c6cecce,auth0|536578,Priya Iyer,Non-Binary,priyaiyer17@example.com
0276a478-246c-4db0-87f5-3bcdad584e6b,auth0|362394,Neha Sharma,Male,nehasharma52@example.com
af7237ea-47f3-4281-8a3c-d7302523ff7d,auth0|488077,Divya Gupta,Female,divyagupta77@example.com
de0a26e9-5a02-4f76-8d68-40c4079bfc86,auth0|742208,Sameer Das,Female,sameerdas55@example.com
aedc7f96-d0ba-45fa-b417-d52a92d1df0b,auth0|217518,Aisha Reddy,Female,aishareddy56@example.com
c3d22cb5-9ee6-4140-bcb0-85745cd41653,auth0|989228,Divya Naidu,Non-Binary,divyanaidu92@example.com
9183c028-455a-43b7-8803-7ce65d08f167,auth0|180788,Arjun Roy,Non-Binary,arjunroy50@example.com
89d82634-a450-47d2-9236-d2e810f8314b,auth0|351156,Sneha Chatterjee,Male,snehachatterjee18@example.com
adf45f32-dc41-439f-bff6-d0a586f1eec9,auth0|442192,Tharun Patel,Non-Binary,tharunpatel98@example.com
0954534e-39b3-4fba-a777-f3be8b3ea981,auth0|785384,Arjun Das,Female,arjundas57@example.com
cc1fe0be-5a13-408e-80d6-8d98e345fbce,auth0|675974,Rohan Rao,Non-Binary,rohanrao35@example.com
c5f22c68-40a1-4b26-abfc-4c736752f6a4,auth0|650352,Rohan Verma,Male,rohanverma70@example.com
bea98fc3-bf12-4f7a-bd7f-226439f0ce8c,auth0|292599,Arjun Chatterjee,Female,arjunchatterjee45@example.com
93441120-9b59-43ea-9324-f8045491528e,auth0|640546,Anjali Choudhury,Non-Binary,anjalichoudhury68@example.com
74bc5a84-d4b7-4b00-95b0-8eb171096592,auth0|927885,Aditya Bose,Male,adityabose86@example.com
7c259a14-c648-4f00-b5e5-112e52f7ecdb,auth0|728919,Srinivas Patel,Female,srinivaspatel32@example.com
dd04ddfa-4df2-49aa-a764-f24860216e78,auth0|313367,Meera Patel,Female,meerapatel25@example.com
5de6520c-e379-4268-87cb-836090d4f825,auth0|409339,Srinivas Rao,Male,srinivasrao17@example.com
5e6e047e-6ec2-49f8-af4a-3f76100ffa73,auth0|648079,Sameer Choudhury,Male,sameerchoudhury58@example.com
7e9f962e-56bc-4e19-b5f5-5b43f8f7ea9e,auth0|824569,Karan Naidu,Female,karannaidu36@example.com
95c74e61-cad1-46fc-b02f-5f3956354a0e,auth0|313745,Pooja Roy,Male,poojaroy18@example.com
e3b4cf80-cef8-4fbb-a7fe-c211f33972e0,auth0|151460,Divya Chatterjee,Female,divyachatterjee31@example.com
c37a4325-279a-4893-bdc1-9fdae11ff5d0,auth0|704668,Sandeep Kumar,Non-Binary,sandeepkumar67@example.com
b2ac844c-7884-4805-9c0a-390dcabcb1cd,auth0|654868,Neha Sharma,Male,nehasharma30@example.com
bbb13ca0-73e7-49c9-9bcf-f400e98bee6e,auth0|540905,Srinivas Mehta,Male,srinivasmehta67@example.com
e7b53cb4-edb9-4251-996e-de7a1af55d4d,auth0|375259,Rohan Gupta,Non-Binary,rohangupta15@example.com
9c552675-5898-4e7a-ae61-7ec7300388ba,auth0|288956,Pooja Choudhury,Female,poojachoudhury85@example.com
a9d59bd4-e35b-4a6e-8e50-25649f3e4084,auth0|224371,Rohan Sharma,Male,rohansharma52@example.com
513827c7-8a6d-47d7-9e2c-153d00ebb289,auth0|824585,Pooja Nair,Male,poojanair37@example.com
43547e51-658d-42c1-806b-06e8096d18d8,auth0|996735,Priya Gupta,Non-Binary,priyagupta73@example.com
95202801-6ab5-40a7-ba1b-1875b016ed5c,auth0|318388,Karan Reddy,Non-Binary,karanreddy64@example.com
257fc137-15d2-4b05-92b5-ccbd37337117,auth0|587367,Vijay Nair,Non-Binary,vijaynair62@example.com
d6fea861-e49e-47e3-bf95-414429ce6d6e,auth0|435587,Rohan Nair,Female,rohannair81@example.com
e67b1cb0-36e4-4cbd-bba3-f686f9923872,auth0|791664,Divya Kumar,Female,divyakumar14@example.com
94ae2d2f-4ec4-465d-aa8a-326acd62466a,auth0|203198,Anjali Sen,Female,anjalisen76@example.com
02fe114a-7d6d-4d13-a738-98f9614304df,auth0|761679,Rohan Das,Female,rohandas29@example.com
92ad431d-4bd3-4adc-ad96-7a17b5d16953,auth0|974685,Priya Roy,Male,priyaroy18@example.com
401fc348-e96c-4522-87a2-a3b053db624b,auth0|496938,Divya Reddy,Male,divyareddy78@example.com
257bbe59-8a0c-45b0-b4ad-0ba78f7df916,auth0|175381,Divya Kumar,Female,divyakumar43@example.com
0f1849fb-01f9-48e6-bd86-26a769da5b60,auth0|964893,Arjun Joshi,Female,arjunjoshi68@example.com
11e15e11-64fd-4332-9d99-ceec27f206c2,auth0|475236,Karan Patel,Male,karanpatel72@example.com
0fb67a98-4120-4bab-8e3e-d6f993e4a815,auth0|938562,Kabir Rao,Female,kabirrao48@example.com
bc8945e9-aaeb-48c5-98fa-62dc6407c54d,auth0|701987,Karan Singh,Female,karansingh35@example.com
960ca6ed-864e-4f39-bfd1-da083e8eca8a,auth0|370225,Aisha Gupta,Non-Binary,aishagupta75@example.com
ebcb858c-77cc-4178-a56f-1e8811ce1764,auth0|853703,Vijay Verma,Male,vijayverma51@example.com
e480b9d3-4076-4064-9f45-9547e8d81b12,auth0|171606,Srinivas Rao,Male,srinivasrao87@example.com
3bebf4f9-23e3-460c-87d8-799e3437a2e0,auth0|698235,Rohan Singh,Female,rohansingh96@example.com
41504e59-0f55-43cc-9e82-5847618b5aaa,auth0|251737,Priya Reddy,Male,priyareddy52@example.com
455e04bb-5d30-4a1d-854f-5db8fdc8e700,auth0|812652,Priya Sharma,Non-Binary,priyasharma63@example.com
2f219fde-3288-4731-9958-362e219d037c,auth0|339237,Neha Verma,Female,nehaverma33@example.com
facf4efa-2aa6-4ce1-9554-39e2bef9171b,auth0|575278,Sneha Patel,Female,snehapatel74@example.com
d5a00f0e-f3bb-4b6f-9fd1-a859643a7fa1,auth0|645265,Divya Chatterjee,Male,divyachatterjee23@example.com
4193e407-162b-4786-ab11-d980ca1dd1f3,auth0|233688,Anjali Mehta,Male,anjalimehta97@example.com
51237ace-80e2-4974-aaed-580c01e7ee55,auth0|377913,Sneha Mehta,Female,snehamehta18@example.com
c85bb75e-afab-4410-a2f1-fdde905d8842,auth0|218004,Sameer Reddy,Non-Binary,sameerreddy98@example.com
1d2dc602-374f-48cb-9933-80a5c5e3be16,auth0|519650,Neha Bose,Non-Binary,nehabose33@example.com
6412e1ae-88af-481f-bee2-029caffc2709,auth0|268290,Arjun Singh,Male,arjunsingh56@example.com
79714749-0d91-4766-9c40-9daf60844d4a,auth0|765685,Pooja Verma,Female,poojaverma53@example.com
e08da2ca-bbcc-4c70-9fb2-d708f7dbb93b,auth0|835113,Sameer Sharma,Non-Binary,sameersharma59@example.com
5a570803-5207-4b55-b1dc-fe17f53faedb,auth0|647698,Rahul Patel,Non-Binary,rahulpatel19@example.com
ef85ea65-db36-47bb-95df-6b1b40812f54,auth0|793457,Tharun Rao,Male,tharunrao29@example.com
8501682b-e989-4b0e-b42f-43a69de340f4,auth0|146932,Sameer Rao,Non-Binary,sameerrao97@example.com
23e8cec5-83db-4a5b-b1ba-4ebe61a0b61a,auth0|650321,Sandeep Chatterjee,Female,sandeepchatterjee13@example.com
4387d92e-e2f6-4ea0-ac56-486462b19673,auth0|898535,Srinivas Nair,Female,srinivasnair20@example.com
60b3dd71-61d8-479f-8273-25ea1164d7f4,auth0|288899,Anjali Naidu,Male,anjalinaidu15@example.com
3cbd880c-6117-49a9-aa09-b6159256b9ea,auth0|739514,Meera Mehta,Male,meeramehta67@example.com
ef13bff3-ec34-42bf-9ce4-2b8d6ef17993,auth0|191675,Vikram Singh,Female,vikramsingh29@example.com
0858e3e6-242c-41b2-80d2-ec6089b14ac2,auth0|112010,Rahul Naidu,Female,rahulnaidu30@example.com
200ceed0-b3a1-4c1d-ab61-90ff4f5c740f,auth0|948677,Rohan Rao,Female,rohanrao64@example.com
f81e6b29-87f2-43e5-b30f-a6811cfd9c3d,auth0|555513,Rohan Choudhury,Non-Binary,rohanchoudhury33@example.com
3dcb9117-8abc-44f2-9ad8-d514a8ff2fd1,auth0|611246,Sameer Verma,Male,sameerverma24@example.com
a39b4cd0-09ce-4874-8462-9b0627ee56f2,auth0|571301,Sneha Iyer,Female,snehaiyer86@example.com
edab3887-e1fd-4c97-840a-c04752a5547a,auth0|737522,Kabir Naidu,Male,kabirnaidu70@example.com
97c12874-05a1-48f5-8bd0-27115fa08ebc,auth0|980102,Vikram Roy,Male,vikramroy98@example.com
d006c95e-1d3f-46b9-a0c6-4fc23e18d645,auth0|257566,Kabir Choudhury,Male,kabirchoudhury38@example.com
5a632e83-a288-4607-a046-a320947a7cff,auth0|522619,Arjun Bose,Non-Binary,arjunbose18@example.com
bb51a748-777b-4614-ae62-d22f88f3264d,auth0|641219,Sandeep Das,Non-Binary,sandeepdas94@example.com
ef5c686b-9755-4997-838a-d33a2059db93,auth0|286561,Tharun Roy,Male,tharunroy60@example.com
199ab72d-5767-4182-bbb7-40dc7089a7cb,auth0|642614,Meera Bose,Female,meerabose57@example.com
7ec59d36-ace1-48c6-bb3b-30857d908c76,auth0|600482,Kabir Roy,Female,kabirroy71@example.com
f5ae2876-19a6-4f9c-a9e6-fd5f0d5bef53,auth0|282014,Priya Singh,Female,priyasingh16@example.com
60c69f4c-a11b-4c6a-90df-9a28b988de5a,auth0|187046,Tharun Joshi,Male,tharunjoshi75@example.com
a73db5e1-3593-4205-837e-dd910b48fa10,auth0|310580,Sandeep Rao,Female,sandeeprao88@example.com
9dd906a9-902b-4c18-ae0f-7e4addb2ada2,auth0|143043,Arjun Sen,Non-Binary,arjunsen44@example.com
131c3f6f-7ca9-4722-a67a-46fa443dfa42,auth0|316307,Anjali Rao,Non-Binary,anjalirao79@example.com
b69c6647-9fd9-4738-a95b-8aa0ddf7ccd6,auth0|526261,Pooja Joshi,Non-Binary,poojajoshi22@example.com
58cb5a37-89a5-4d49-81e2-a31448259486,auth0|670908,Vijay Patel,Non-Binary,vijaypatel98@example.com
1cba3428-e2e4-4549-af20-5eb284129334,auth0|800836,Divya Bose,Non-Binary,divyabose32@example.com
66af7d28-f599-48f8-80ec-516112145a3f,auth0|314244,Meera Mehta,Male,meeramehta84@example.com
daf0effc-6048-4767-84ea-609078ab6408,auth0|159984,Aditya Gupta,Female,adityagupta87@example.com
799aa478-df3e-4677-91f1-8e94ee0dcfa5,auth0|718831,Neha Naidu,Male,nehanaidu49@example.com
004ef5d0-1b11-4f0c-a4d5-1d265c844bcc,auth0|981048,Arjun Bose,Non-Binary,arjunbose31@example.com
14d961d1-5df8-44c0-bb15-7ea5283a3cf7,auth0|679431,Vikram Bose,Female,vikrambose31@example.com
589f9825-b177-4e3f-a516-7e82842db9f6,auth0|765902,Vijay Mehta,Non-Binary,vijaymehta95@example.com
ab41bb6b-c57a-4d61-8137-e434dc90af6d,auth0|188395,Arjun Choudhury,Female,arjunchoudhury82@example.com
696dc303-25d3-4516-aaf8-08bb0df7ef5b,auth0|704012,Srinivas Reddy,Male,srinivasreddy12@example.com
c9b5c3e5-3c62-4c67-bc81-3d4e2d23bc46,auth0|376081,Vikram Gupta,Male,vikramgupta74@example.com
fb730bb4-8c0a-4015-bd6f-636509605084,auth0|281473,Anjali Joshi,Female,anjalijoshi70@example.com
95a27be2-04e2-4752-904b-9f276f3c746f,auth0|119264,Neha Sharma,Non-Binary,nehasharma55@example.com
95bc2cdf-0527-4bbe-bbae-c5576c676288,auth0|301148,Neha Singh,Non-Binary,nehasingh11@example.com
b61a2834-1127-4887-bf27-7e2e9abef534,auth0|718365,Rahul Choudhury,Male,rahulchoudhury59@example.com
c96925a0-9462-44a5-85a5-cf6a77ab03e5,auth0|198102,Meera Choudhury,Female,meerachoudhury73@example.com
271be978-97e7-430c-8020-348dcabdc792,auth0|186222,Srinivas Rao,Male,srinivasrao13@example.com
d57dd3b0-fae8-4894-8f06-5c13d4efb35a,auth0|726141,Srinivas Joshi,Non-Binary,srinivasjoshi44@example.com
f565d353-8c01-4165-bf11-a3b9be53cea0,auth0|651584,Arjun Roy,Non-Binary,arjunroy70@example.com
ce9a2cd3-85ae-4741-a06f-a8be41f4dcc5,auth0|167280,Vijay Roy,Male,vijayroy48@example.com
449fedc0-f496-46e7-934d-842ca55b13f8,auth0|199307,Sneha Naidu,Male,snehanaidu75@example.com
c4d1e758-b69e-466a-976d-6764634216bc,auth0|146734,Pooja Gupta,Female,poojagupta50@example.com
4cb02d64-d97e-4adc-98d8-8e3ce0b5dec7,auth0|870122,Srinivas Mehta,Female,srinivasmehta91@example.com
c1db1bb9-53e2-42c1-8955-046de2b97902,auth0|757084,Srinivas Nair,Male,srinivasnair91@example.com
2ce11701-fb54-408e-9438-aa188a5240c7,auth0|937869,Vikram Naidu,Female,vikramnaidu61@example.com
bbf175c8-8259-4dee-bae8-02305a770242,auth0|667456,Sandeep Joshi,Female,sandeepjoshi16@example.com
8a33c4d8-6b0e-46e4-a38f-deb43800667a,auth0|506253,Neha Patel,Male,nehapatel59@example.com
d71cbe60-5207-4f13-9d99-ce04c7d92986,auth0|300638,Sandeep Sharma,Male,sandeepsharma95@example.com
a817c5e3-9db1-4521-9f80-46337092ca00,auth0|566881,Priya Rao,Female,priyarao21@example.com
d1aa8692-6e0e-4aaa-bc98-1ccc2d36b07d,auth0|494593,Tharun Sharma,Male,tharunsharma48@example.com
10a01827-fe68-4876-8ad1-5166c4f80fd3,auth0|828985,Karan Kumar,Male,karankumar53@example.com
200cde03-a175-4e8c-919c-6f958c9a8944,auth0|360518,Meera Bose,Male,meerabose48@example.com
32390558-9c7d-46bc-9701-89e222133d48,auth0|311580,Kabir Reddy,Male,kabirreddy40@example.com
9f737268-6405-4c89-8fd1-b677b925c1be,auth0|740670,Tharun Nair,Non-Binary,tharunnair80@example.com
9a3f6872-879e-4209-8743-20d357d05329,auth0|956916,Sameer Joshi,Non-Binary,sameerjoshi78@example.com
5ed1f4d8-426d-4e5a-a024-8d755de2fb83,auth0|282395,Priya Mehta,Female,priyamehta81@example.com
da44498b-bf54-4123-a58b-6cc88126072d,auth0|730950,Tharun Sen,Non-Binary,tharunsen27@example.com
89c23853-7cc3-4467-9925-74e8a5f161d3,auth0|172452,Sandeep Sharma,Non-Binary,sandeepsharma56@example.com
6c3d57ad-d34d-4ea8-ae1b-ce8d276bfba9,auth0|802271,Aditya Patel,Male,adityapatel74@example.com
d41c266c-e9ea-41a4-acc3-721e70c92fc7,auth0|971793,Divya Das,Male,divyadas58@example.com
f0e9070b-c335-4a6c-9261-55b1b6db8317,auth0|753491,Vikram Mehta,Female,vikrammehta13@example.com
a7aeb985-f048-4c23-860f-9c49a505b317,auth0|648459,Tharun Bose,Female,tharunbose99@example.com
629d2734-c06b-4b2b-a224-4a3ce48c2420,auth0|966307,Pooja Sharma,Female,poojasharma43@example.com
89e0b126-de85-4bf6-8588-84ca42227874,auth0|544427,Rahul Reddy,Female,rahulreddy90@example.com
861cc63f-5d27-4357-933b-5a70bf024093,auth0|920634,Rahul Das,Female,rahuldas11@example.com
72568f3b-8a4b-4e06-962d-ca5255e43a3c,auth0|801090,Aditya Joshi,Male,adityajoshi18@example.com
dd57e564-052a-4682-be12-af1e69f7a1db,auth0|716815,Rahul Nair,Non-Binary,rahulnair73@example.com
719b3f44-926c-4394-adb4-230f79c5b4c7,auth0|276529,Sneha Kumar,Male,snehakumar71@example.com
3f1ddfff-f435-4975-bd34-4a05f622d180,auth0|459181,Aditya Rao,Female,adityarao33@example.com
e1c9a1be-07a1-44fa-823c-c6488dbfeae2,auth0|138880,Meera Naidu,Male,meeranaidu28@example.com
89a67aa9-1a93-4624-b769-c5f29cc40e1a,auth0|248786,Pooja Roy,Female,poojaroy19@example.com
1f7258f7-b84c-4513-a863-2a9b3b03143c,auth0|454694,Anjali Kumar,Female,anjalikumar90@example.com
178612f4-88df-4d11-a2bc-da8efe048dfb,auth0|956848,Aditya Singh,Female,adityasingh15@example.com
5a741f34-67cc-43e5-a3ac-bd0ca996c744,auth0|368262,Divya Das,Male,divyadas52@example.com
82f0a4a8-8357-44ea-9bab-e770d50970fd,auth0|283411,Srinivas Nair,Female,srinivasnair74@example.com
ad1fbedc-0781-466b-ae46-69d2afa5be65,auth0|564826,Pooja Roy,Non-Binary,poojaroy87@example.com
e47fee68-6d85-4356-8cb4-a75da97446d0,auth0|323877,Vijay Roy,Female,vijayroy62@example.com
2f14fe9e-0252-4c6d-bd65-a0b5b160505a,auth0|351214,Karan Joshi,Male,karanjoshi91@example.com
6f7e910a-e69b-447e-aa60-0c157796c7c6,auth0|741852,Arjun Bose,Female,arjunbose86@example.com
73bee258-25e3-484c-b25a-bd78c077ac3d,auth0|236742,Sneha Reddy,Non-Binary,snehareddy57@example.com
